,0
0,drdanielgordon
1,thepink_suit
2,a_k_qureshi_589
3,the_everyday_workvogue
4,sprinklesandjewelss
5,anshu_rathod_12
6,naebuui_aleumdaum
7,pikachugirl1432
8,relishthepages
9,mohammad._.ramezan
10,paris_athanasopoulos_
11,karlactiago
12,_jerrryyy.0x
13,_ornovetskaya_
14,_.bike_lover_46
15,tilisagradim
16,_shaazy__
17,sujith_gangadharan
18,baddiess._world
19,andreinandrea_
20,barbiemargenta
21,yanka_365
22,norkut.innovacion
23,lollo_in_coverland
24,moto_born_kid
25,true_lines45
26,redheadedrico
27,_rockdok_
28,sophie.boilard.deszcz
29,beginning_life_0fficial
30,gosuperu2020
31,diane_yuryevna
32,words.onpages
33,thefeatheredlove
34,fitnes_motivacion_bolivia
35,minfriluftstid
36,ak_77_7
37,cutedogs_250
38,anne_ymy
39,eliskastrnadova.cz
40,sidcleidson
41,queenvenalove
42,emilyyjade_
43,acika.srdic
44,gamzesndkc
45,maxploretheworld
46,yourpersonaldeer
47,althaf_.07
48,al.mor95
49,molodoy404
50,im_sristi01
51,bayyanlis.sencalkapimi
52,noona__yoona
53,memersadda_
54,frankiezgames
55,_forever.achea
56,fashionnovaup
57,handmade_moroccan_rugs
58,shashinauriyal
59,sonia_bajaj143
60,inspires.you_
